strategy,trades,total_return,avg_weekly_return,win_rate,max_drawdown,sharpe
A,306,11619864110.562334,0.08195390533836852,0.9607843137254902,-0.07311933378255608,5.788750360239135
B,306,53388545.89602469,0.06241970710841714,0.7450980392156863,-0.12358913436499641,5.825392275362422
