test_year,precision,n_test
2019,0.5334008097165992,101188
2020,0.40756108805901337,101174
2021,0.41055304740406323,103258
