test_year,precision,n_test
2016,0.7612958226768969,102329
2017,0.7437425506555423,101525
2018,0.6005291005291006,101368
2019,0.75390625,100802
2020,0.4867021276595745,101149
2021,0.4210134128166915,102190
2026,0.23529411764705882,630
